coin,ticker,event_ticker,rank,favored_side,entry_price,opened_at
SOL,KXSOLD-26OCT0217-T118.9999,KXSOLD-26OCT0217,5,yes,0.6,2026-09-25T21:58:06.899801+00:00
SOL,KXSOLD-26OCT0217-T117.9999,KXSOLD-26OCT0217,7,yes,0.61,2026-09-25T21:58:06.899848+00:00
SOL,KXSOLD-26OCT0217-T138.9999,KXSOLD-26OCT0217,3,no,0.93,2026-09-26T05:12:50.707130+00:00
SOL,KXSOLD-26OCT0217-T136.9999,KXSOLD-26OCT0217,4,no,0.91,2026-09-26T05:12:50.707178+00:00
SOL,KXSOLD-26OCT0217-T134.9999,KXSOLD-26OCT0217,9,no,0.89,2026-09-26T05:12:50.707225+00:00
SOL,KXSOLD-26OCT0217-T132.9999,KXSOLD-26OCT0217,6,no,0.87,2026-09-26T05:12:50.707289+00:00
SOL,KXSOLD-26OCT0217-T130.9999,KXSOLD-26OCT0217,7,no,0.85,2026-09-26T05:12:50.707362+00:00
SOL,KXSOLD-26OCT0217-T129.9999,KXSOLD-26OCT0217,8,no,0.83,2026-09-26T05:12:50.707436+00:00
SOL,KXSOLD-26OCT0217-T116.9999,KXSOLD-26OCT0217,5,yes,0.64,2026-09-26T05:12:50.707487+00:00
SOL,KXSOLD-26OCT0217-T114.9999,KXSOLD-26OCT0217,6,yes,0.73,2026-09-26T09:52:39.625987+00:00
SOL,KXSOLD-26OCT0217-T135.9999,KXSOLD-26OCT0217,6,no,0.91,2026-09-26T13:54:57.316817+00:00
SOL,KXSOLD-26OCT0217-T103.9999,KXSOLD-26OCT0217,4,yes,0.95,2026-09-26T17:32:06.503186+00:00
SOL,KXSOLD-26OCT0217-T120.9999,KXSOLD-26OCT0217,3,yes,0.62,2026-09-27T11:41:22.999360+00:00
SOL,KXSOLD-26OCT0217-T104.9999,KXSOLD-26OCT0217,9,yes,0.96,2026-09-27T19:19:32.334004+00:00
XRP,KXXRPD-26OCT0217-T1.4599,KXXRPD-26OCT0217,8,yes,0.68,2026-09-27T19:19:32.568950+00:00
HYPE,KXHYPED-26SEP2719-T92.2499,KXHYPED-26SEP2719,6,no,0.98,2026-09-27T22:20:33.053448+00:00
SOL,KXSOLD-26SEP2817-T125.9999,KXSOLD-26SEP2817,3,no,0.84,2026-09-27T22:20:33.104945+00:00
SOL,KXSOLD-26SEP2817-T124.9999,KXSOLD-26SEP2817,5,no,0.82,2026-09-27T22:20:33.105009+00:00
SOL,KXSOLD-26SEP2817-T123.9999,KXSOLD-26SEP2817,4,no,0.73,2026-09-27T22:20:33.105060+00:00
SOL,KXSOLD-26SEP2719-T122.9999,KXSOLD-26SEP2719,4,no,0.93,2026-09-27T22:20:33.105109+00:00
SOL,KXSOLD-26SEP2719-T122.4999,KXSOLD-26SEP2719,3,no,0.87,2026-09-27T22:20:33.105160+00:00
SOL,KXSOLD-26SEP2719-T122.2499,KXSOLD-26SEP2719,6,no,0.86,2026-09-27T22:20:33.105208+00:00
SOL,KXSOLD-26SEP2719-T121.9999,KXSOLD-26SEP2719,8,no,0.66,2026-09-27T22:20:33.105254+00:00
SOL,KXSOLD-26SEP2719-T121.2499,KXSOLD-26SEP2719,9,yes,0.69,2026-09-27T22:20:33.105332+00:00
SOL,KXSOLD-26SEP2719-T120.9999,KXSOLD-26SEP2719,7,yes,0.79,2026-09-27T22:20:33.105377+00:00
